When I choose a place to live and study at university, in my opinion, the best choice is boarding house because of many reasons as follows.,Khi chọn nơi ở và học đại học, theo tôi, lựa chọn tốt nhất là nhà trọ vì nhiều lý do như sau.
The first one, When I live in the boarding house, I can cook many delicious foods freely that I like such as sour soup, grilled fish, seafood hot pot.,Đầu tiên, khi ở trọ, mình có thể tự do nấu nhiều món ăn ngon mà mình thích như canh chua, cá nướng, lẩu hải sản.
I can feel very happy when I cook in the boarding house.,Tôi có thể cảm thấy rất hạnh phúc khi tôi nấu ăn trong nhà trọ.
Itâ€™s very wonderful.,Nó rất tuyệt vời.
The second one, thanks to living in the boarding house, I can feel comfortable when I live because I can invite my friends to my boarding house.,Cái thứ hai, nhờ ở trọ nên mình cũng thấy thoải mái khi ở nhờ có thể rủ bạn bè về ở trọ.
Besides, I can go home late.,Hơn nữa, tôi có thể về nhà muộn.
I will have freedom.,Tôi sẽ có tự do.
Itâ€™s very great.,Nó rất tuyệt.
The last one, I can keep a pet.,Người cuối cùng, tôi có thể nuôi một con vật cưng.
That is my hobby because I can play with my pet when I am sad.,Đó là sở thích của tôi vì tôi có thể chơi với thú cưng của mình khi tôi buồn.
It helps me feel relax after school time.,Nó giúp tôi cảm thấy thư giãn sau giờ học.
Also, I can study well because it is very quiet.,Ngoài ra, tôi có thể học tốt vì nó rất yên tĩnh.
Itâ€™s very good for my study.,Nó rất tốt cho việc học của tôi.
However, I donâ€™t choose relativeâ€™s house and school dormitory because I feel uncomfortable and donâ€™t have much freedom when I live there.,Tuy nhiên, tôi không chọn nhà ở và ký túc xá của trường vì tôi cảm thấy không thoải mái và không có nhiều tự do khi sống ở đó.
